{"inputs": ["joint_pos", "joint_vel", "torques"], "outputs": ["pose"], "recorded_loss": {"seq_loss": {"contact": {}, "movable": {}, "pose": {"movable": [0.023732420057058334, 0.11337202042341232, 0.033391568809747696], "static": [0.08639790117740631, 0.043047040700912476, 3.2370203371101525e-06]}, "size": {}}, "final_loss": {"contact": {}, "movable": {}, "pose": {"movable": [0.016979163512587547, 0.13472779095172882, 0.06934388726949692], "static": [0.11132436990737915, 0.07307586818933487, 3.9080755414033774e-06]}, "size": {}}}}